admin,1111,admin.jpg,管理者です,管理者です,,kowaki1111@gmail.com,,,,
ID000001,KWTBm8,レイヤー 2_2.png,小脇拓哉,こわきたくや,8000000000,kowaki1111@gmail.com,8100012,福岡県,福岡市中央区,白金
ID000002,sasTwa,nami__2.png,おれはなみまつだ,おれはなみまつだ,7000000000,kowaki1111@gmail.com,1000001,東京都,千代田区,千代田11111
ID000003,oEBkkw,musashi_2.png,宮本武蔵,みやもとむさし,7000000000,kowaki1111@gmail.com,8100012,福岡県,福岡市中央区,白金2222-22222
ID000004,woN90p,68152931_1.webp,佐々木小次郎,ささきこじろう,9000000000,kowaki1111@gmail.com,8100012,福岡県,福岡市中央区,白金
ID000005,PoDZ2h,450-2012040321011531083.jpg,恵比寿様,えびすさま,9000000000,creative.alliance1111@gmail.com,8100011,福岡県,福岡市中央区,高砂11111-11111
ID000006,8mqDYi,8Ifg5-bg_400x400.jpg,ウッディ,うっでぃ,7000000000,ccccccccccccurry30@gmail.com,1500001,東京都,渋谷区,神宮前1111-1111
ID000007,O5QeBf,makibao.jpg,小脇テスト,こわきてすと,7000000000,tk74107410,1500001,東京都,渋谷区,神宮前2222-2222
ID000008,gmfTw1,a06.png,小脇テスト,こわきてすと,8000000000,takuyakowaki0412@icloud.com,8100012,福岡県,福岡市中央区,白金
ID000009,h2k3l7,sakuragi_20_253.jpg,桜木花道,さくらぎはなみち,700000000,sweepstakes.hsr@gmail.com,1500001,東京都,渋谷区,神宮前2222-2222
ID000010,3norB0,kogure1-1.jpg,小暮くん,こぐれくん,8000000000,takuyakowaki0412@icloud.com,8900012,鹿児島県,鹿児島市,玉里町1234321
ID000011,ywVDG0,0ceb0bf63eec60e1b3780ff01d2f6db6.jpg,ゴリ,ごり,9000000000,s.curry30tk@gmail.com,1000001,東京都,千代田区,千代田22222-22222
ID000012,F2LH1Z,107_1_l.jpg,ジェフ太郎,じぇふたろう,9000000000,creative.alliance1111@gmail.com,8100013,福岡県,福岡市中央区,大宮1234567
ID000013,tdNtZM,o0717076815382400800.jpg,三井寿,みついひさし,7000000000,ccccccccccccurry30@gmail.com,8100012,福岡県,福岡市中央区,白金1234321